day,month,year,Temperature,RH,Ws,Rain,FFMC,DMC,DC,ISI,BUI,FWI,Classes,Region,target,temp_rh_ratio,dryness_index,wind_temp_interaction,rain_deficit,ffmc_isi_ratio
1,6,2012,29,57,18,0.0,65.7,3.4,7.6,1.3,3.4,0.5,not fire,0,0,0.5088,12.47,522,10.0,0.0198
2,6,2012,29,61,13,1.3,64.4,4.1,7.6,1.0,3.9,0.4,not fire,0,0,0.4754,11.31,377,0.7143,0.0155
3,6,2012,26,82,22,13.1,47.1,2.5,7.1,0.3,2.7,0.1,not fire,0,0,0.3171,4.68,572,0.0758,0.0064
4,6,2012,25,89,13,2.5,28.6,1.3,6.9,0.0,1.7,0.0,not fire,0,0,0.2809,2.75,325,0.3846,0.0
5,6,2012,27,77,16,0.0,64.8,3.0,14.2,1.2,3.9,0.5,not fire,0,0,0.3506,6.21,432,10.0,0.0185
6,6,2012,31,67,14,0.0,82.6,5.8,22.2,3.1,7.0,2.5,fire,0,1,0.4627,10.23,434,10.0,0.0375
7,6,2012,33,54,13,0.0,88.2,9.9,30.5,6.4,10.9,7.2,fire,0,1,0.6111,15.18,429,10.0,0.0726
8,6,2012,30,73,15,0.0,86.6,12.1,38.3,5.6,13.5,7.1,fire,0,1,0.411,8.1,450,10.0,0.0647
9,6,2012,25,88,13,0.2,52.9,7.9,38.8,0.4,10.5,0.3,not fire,0,0,0.2841,3.0,325,3.3333,0.0076
10,6,2012,28,79,12,0.0,73.2,9.5,46.3,1.3,12.6,0.9,not fire,0,0,0.3544,5.88,336,10.0,0.0178
11,6,2012,31,65,14,0.0,84.5,12.5,54.3,4.0,15.8,5.6,fire,0,1,0.4769,10.85,434,10.0,0.0473
12,6,2012,26,81,19,0.0,84.0,13.8,61.4,4.8,17.7,7.1,fire,0,1,0.321,4.94,494,10.0,0.0571
13,6,2012,27,84,21,1.2,50.0,6.7,17.0,0.5,6.7,0.2,not fire,0,0,0.3214,4.32,567,0.7692,0.01
14,6,2012,30,78,20,0.5,59.0,4.6,7.8,1.0,4.4,0.4,not fire,0,0,0.3846,6.6,600,1.6667,0.0169
15,6,2012,28,80,17,3.1,49.4,3.0,7.4,0.4,3.0,0.1,not fire,0,0,0.35,5.6,476,0.3125,0.0081
16,6,2012,29,89,13,0.7,36.1,1.7,7.6,0.0,2.2,0.0,not fire,0,0,0.3258,3.19,377,1.25,0.0
17,6,2012,30,89,16,0.6,37.3,1.1,7.8,0.0,1.6,0.0,not fire,0,0,0.3371,3.3,480,1.4286,0.0
18,6,2012,31,78,14,0.3,56.9,1.9,8.0,0.7,2.4,0.2,not fire,0,0,0.3974,6.82,434,2.5,0.0123
19,6,2012,31,55,16,0.1,79.9,4.5,16.0,2.5,5.3,1.4,not fire,0,0,0.5636,13.95,496,5.0,0.0313
20,6,2012,30,80,16,0.4,59.8,3.4,27.1,0.9,5.1,0.4,not fire,0,0,0.375,6.0,480,2.0,0.0151
21,6,2012,30,78,14,0.0,81.0,6.3,31.6,2.6,8.4,2.2,fire,0,1,0.3846,6.6,420,10.0,0.0321
22,6,2012,31,67,17,0.1,79.1,7.0,39.5,2.4,9.7,2.3,not fire,0,0,0.4627,10.23,527,5.0,0.0303
23,6,2012,32,62,18,0.1,81.4,8.2,47.7,3.3,11.5,3.8,fire,0,1,0.5161,12.16,576,5.0,0.0405
24,6,2012,32,66,17,0.0,85.9,11.2,55.8,5.6,14.9,7.5,fire,0,1,0.4848,10.88,544,10.0,0.0652
25,6,2012,31,64,15,0.0,86.7,14.2,63.8,5.7,18.3,8.4,fire,0,1,0.4844,11.16,465,10.0,0.0657
26,6,2012,31,64,18,0.0,86.8,17.8,71.8,6.7,21.6,10.6,fire,0,1,0.4844,11.16,558,10.0,0.0772
27,6,2012,34,53,18,0.0,89.0,21.6,80.3,9.2,25.8,15.0,fire,0,1,0.6415,15.98,612,10.0,0.1034
28,6,2012,32,55,14,0.0,89.1,25.5,88.5,7.6,29.7,13.9,fire,0,1,0.5818,14.4,448,10.0,0.0853
29,6,2012,32,47,13,0.3,79.9,18.4,84.4,2.2,23.8,3.9,not fire,0,0,0.6808,16.96,416,2.5,0.0275
30,6,2012,33,50,14,0.0,88.7,22.9,92.8,7.2,28.3,12.9,fire,0,1,0.66,16.5,462,10.0,0.0812
1,7,2012,29,68,19,1.0,59.9,2.5,8.6,1.1,2.9,0.4,not fire,0,0,0.4265,9.28,551,0.9091,0.0184
2,7,2012,27,75,19,1.2,55.7,2.4,8.3,0.8,2.8,0.3,not fire,0,0,0.36,6.75,513,0.7692,0.0144
3,7,2012,32,76,20,0.7,63.1,2.6,9.2,1.3,3.0,0.5,not fire,0,0,0.4211,7.68,640,1.25,0.0206
4,7,2012,33,78,17,0.0,80.1,4.6,18.5,2.7,5.7,1.7,not fire,0,0,0.4231,7.26,561,10.0,0.0337
5,7,2012,33,66,14,0.0,85.9,7.6,27.9,4.8,9.1,4.9,fire,0,1,0.5,11.22,462,10.0,0.0559
6,7,2012,32,63,14,0.0,87.0,10.9,37.0,5.6,12.5,6.8,fire,0,1,0.5079,11.84,448,10.0,0.0644
7,7,2012,35,64,18,0.2,80.0,9.7,40.4,2.8,12.1,3.2,not fire,0,0,0.5469,12.6,630,3.3333,0.035
8,7,2012,33,68,19,0.0,85.6,12.5,49.8,6.0,15.4,8.0,fire,0,1,0.4853,10.56,627,10.0,0.0701
9,7,2012,32,68,14,1.4,66.6,7.7,9.2,1.1,7.4,0.6,not fire,0,0,0.4706,10.24,448,0.6667,0.0165
10,7,2012,33,69,13,0.7,66.6,6.0,9.3,1.1,5.8,0.5,not fire,0,0,0.4783,10.23,429,1.25,0.0165
11,7,2012,33,76,14,0.0,81.1,8.1,18.7,2.6,8.1,2.2,not fire,0,0,0.4342,7.92,462,10.0,0.0321
12,7,2012,31,75,13,0.1,75.1,7.9,27.7,1.5,9.2,0.9,not fire,0,0,0.4133,7.75,403,5.0,0.02
13,7,2012,34,81,15,0.0,81.8,9.7,37.2,3.0,11.7,3.4,not fire,0,0,0.4198,6.46,510,10.0,0.0367
14,7,2012,34,61,13,0.6,73.9,7.8,22.9,1.4,8.4,0.8,not fire,0,0,0.5574,13.26,442,1.4286,0.0189
15,7,2012,30,80,19,0.4,60.7,5.2,17.0,1.1,5.9,0.5,not fire,0,0,0.375,6.0,570,2.0,0.0181
16,7,2012,28,76,21,0.0,72.6,7.0,25.5,0.7,8.3,0.4,not fire,0,0,0.3684,6.72,588,10.0,0.0096
17,7,2012,29,70,14,0.0,82.8,9.4,34.1,3.2,11.1,3.6,fire,0,1,0.4143,8.7,406,10.0,0.0386
18,7,2012,31,68,14,0.0,85.4,12.1,43.1,4.6,14.2,6.0,fire,0,1,0.4559,9.92,434,10.0,0.0539
19,7,2012,35,59,17,0.0,88.1,12.0,52.8,7.7,18.2,10.9,fire,0,1,0.5932,14.35,595,10.0,0.0874
20,7,2012,33,65,15,0.1,81.4,12.3,62.1,2.8,16.5,4.0,fire,0,1,0.5077,11.55,495,5.0,0.0344
21,7,2012,33,70,17,0.0,85.4,18.5,71.5,5.2,22.4,8.8,fire,0,1,0.4714,9.9,561,10.0,0.0609
22,7,2012,28,79,18,0.1,73.4,16.4,79.9,1.8,21.7,2.8,not fire,0,0,0.3544,5.88,504,5.0,0.0245
23,7,2012,27,66,22,0.4,68.2,10.5,71.3,1.8,15.4,2.1,not fire,0,0,0.4091,9.18,594,2.0,0.0264
24,7,2012,28,78,16,0.1,70.0,9.6,79.7,1.4,14.7,1.3,not fire,0,0,0.359,6.16,448,5.0,0.02
25,7,2012,31,65,18,0.0,84.3,12.5,88.7,4.8,18.5,7.3,fire,0,1,0.4769,10.85,558,10.0,0.0569
26,7,2012,36,53,19,0.0,89.2,17.1,98.6,10.0,23.9,15.3,fire,0,1,0.6792,16.92,684,10.0,0.1121
27,7,2012,36,48,13,0.0,90.3,22.2,108.5,8.7,29.4,15.3,fire,0,1,0.75,18.72,468,10.0,0.0963
28,7,2012,33,76,15,0.0,86.5,24.4,117.8,5.6,32.1,11.3,fire,0,1,0.4342,7.92,495,10.0,0.0647
29,7,2012,32,73,15,0.0,86.6,26.7,127.0,5.6,35.0,11.9,fire,0,1,0.4384,8.64,480,10.0,0.0647
30,7,2012,31,79,15,0.0,85.4,28.5,136.0,4.7,37.4,10.7,fire,0,1,0.3924,6.51,465,10.0,0.055
31,7,2012,35,64,17,0.0,87.2,31.9,145.7,6.8,41.2,15.7,fire,0,1,0.5469,12.6,595,10.0,0.078
1,8,2012,36,45,14,0.0,78.8,4.8,10.2,2.0,4.7,0.9,not fire,0,0,0.8,19.8,504,10.0,0.0254
2,8,2012,35,55,12,0.4,78.0,5.8,10.0,1.7,5.5,0.8,not fire,0,0,0.6364,15.75,420,2.0,0.0218
3,8,2012,35,63,14,0.3,76.6,5.7,10.0,1.7,5.5,0.8,not fire,0,0,0.5556,12.95,490,2.5,0.0222
4,8,2012,34,69,13,0.0,85.0,8.2,19.8,4.0,8.2,3.9,fire,0,1,0.4928,10.54,442,10.0,0.0471
5,8,2012,34,65,13,0.0,86.8,11.1,29.7,5.2,11.5,6.1,fire,0,1,0.5231,11.9,442,10.0,0.0599
6,8,2012,32,75,14,0.0,86.4,13.0,39.1,5.2,14.2,6.8,fire,0,1,0.4267,8.0,448,10.0,0.0602
7,8,2012,32,69,16,0.0,86.5,15.5,48.6,5.5,17.2,8.0,fire,0,1,0.4638,9.92,512,10.0,0.0636
8,8,2012,32,60,18,0.3,77.1,11.3,47.0,2.2,14.1,2.6,not fire,0,0,0.5333,12.8,576,2.5,0.0285
9,8,2012,35,59,17,0.0,87.4,14.8,57.0,6.9,17.9,9.9,fire,0,1,0.5932,14.35,595,10.0,0.0789
10,8,2012,35,55,14,0.0,88.9,18.6,67.0,7.4,21.9,11.6,fire,0,1,0.6364,15.75,490,10.0,0.0832
11,8,2012,35,63,13,0.0,88.9,21.7,77.0,7.1,25.5,12.1,fire,0,1,0.5556,12.95,455,10.0,0.0799
12,8,2012,35,51,13,0.3,81.3,15.6,75.1,2.5,20.7,4.2,not fire,0,0,0.6863,17.15,455,2.5,0.0308
13,8,2012,35,63,15,0.0,87.0,19.0,85.1,5.9,24.4,10.2,fire,0,1,0.5556,12.95,525,10.0,0.0678
14,8,2012,33,66,14,0.0,87.0,21.7,94.7,5.7,27.2,10.6,fire,0,1,0.5,11.22,462,10.0,0.0655
15,8,2012,36,55,13,0.3,82.4,15.6,92.5,3.7,22.0,6.3,fire,0,1,0.6545,16.2,468,2.5,0.0449
16,8,2012,36,61,18,0.3,80.2,11.7,90.4,2.8,17.6,4.2,fire,0,1,0.5902,14.04,648,2.5,0.0349
17,8,2012,37,52,18,0.0,89.3,16.0,100.7,9.7,22.9,14.6,fire,0,1,0.7115,17.76,666,10.0,0.1086
18,8,2012,36,54,18,0.0,89.4,20.0,110.9,9.7,27.5,16.1,fire,0,1,0.6667,16.56,648,10.0,0.1085
19,8,2012,35,62,19,0.0,89.4,23.2,120.9,9.7,31.3,17.2,fire,0,1,0.5645,13.3,665,10.0,0.1085
20,8,2012,35,68,19,0.0,88.3,25.9,130.6,8.8,34.7,16.8,fire,0,1,0.5147,11.2,665,10.0,0.0997
21,8,2012,36,58,19,0.0,88.6,29.6,141.1,9.2,38.8,18.4,fire,0,1,0.6207,15.12,684,10.0,0.1038
22,8,2012,36,55,18,0.0,89.1,33.5,151.3,9.9,43.1,20.4,fire,0,1,0.6545,16.2,648,10.0,0.1111
23,8,2012,36,53,16,0.0,89.5,37.6,161.5,10.4,47.5,22.3,fire,0,1,0.6792,16.92,576,10.0,0.1162
24,8,2012,34,64,14,0.0,88.9,40.5,171.3,9.0,50.9,20.9,fire,0,1,0.5312,12.24,476,10.0,0.1012
25,8,2012,35,60,15,0.0,88.9,43.9,181.3,8.2,54.7,20.3,fire,0,1,0.5833,14.0,525,10.0,0.0922
26,8,2012,31,78,18,0.0,85.8,45.6,190.6,4.7,57.1,13.7,fire,0,1,0.3974,6.82,558,10.0,0.0548
27,8,2012,33,82,21,0.0,84.9,47.0,200.2,4.4,59.3,13.2,fire,0,1,0.4024,5.94,693,10.0,0.0518
28,8,2012,34,64,16,0.0,89.4,50.2,210.4,7.3,62.9,19.9,fire,0,1,0.5312,12.24,544,10.0,0.0817
29,8,2012,35,48,18,0.0,90.1,54.2,220.4,12.5,67.4,30.2,fire,0,1,0.7292,18.2,630,10.0,0.1387
30,8,2012,35,70,17,0.8,72.7,25.2,180.4,1.7,37.4,4.2,not fire,0,0,0.5,10.5,595,1.1111,0.0234
31,8,2012,28,80,21,16.8,52.5,8.7,8.7,0.6,8.3,0.3,not fire,0,0,0.35,5.6,588,0.0592,0.0114
1,9,2012,25,76,17,7.2,46.0,1.3,7.5,0.2,1.8,0.1,not fire,0,0,0.3289,6.0,425,0.137,0.0043
2,9,2012,22,86,15,10.1,30.5,0.7,7.0,0.0,1.1,0.0,not fire,0,0,0.2558,3.08,330,0.098,0.0
3,9,2012,25,78,15,3.8,42.6,1.2,7.5,0.1,1.7,0.0,not fire,0,0,0.3205,5.5,375,0.2564,0.0023
4,9,2012,29,73,17,0.1,68.4,1.9,15.7,1.4,2.9,0.5,not fire,0,0,0.3973,7.83,493,5.0,0.0205
5,9,2012,29,75,16,0.0,80.8,3.4,24.0,2.8,5.1,1.7,fire,0,1,0.3867,7.25,464,10.0,0.0347
6,9,2012,29,74,19,0.1,75.8,3.6,32.2,2.1,5.6,0.9,not fire,0,0,0.3919,7.54,551,5.0,0.0277
7,9,2012,31,71,17,0.3,69.6,3.2,30.1,1.5,5.1,0.6,not fire,0,0,0.4366,8.99,527,2.5,0.0216
8,9,2012,30,73,17,0.9,62.0,2.6,8.4,1.1,3.0,0.4,not fire,0,0,0.411,8.1,510,1.0,0.0177
9,9,2012,30,77,15,1.0,56.1,2.1,8.4,0.7,2.6,0.2,not fire,0,0,0.3896,6.9,450,0.9091,0.0125
10,9,2012,33,73,12,1.8,59.9,2.2,8.9,0.7,2.7,0.3,not fire,0,0,0.4521,8.91,396,0.5263,0.0117
11,9,2012,30,77,21,1.8,58.5,1.9,8.4,1.1,2.4,0.3,not fire,0,0,0.3896,6.9,630,0.5263,0.0188
12,9,2012,29,88,13,0.0,71.0,2.6,16.6,1.2,3.7,0.5,not fire,0,0,0.3295,3.48,377,10.0,0.0169
13,9,2012,25,86,21,4.6,40.9,1.3,7.5,0.1,1.8,0.0,not fire,0,0,0.2907,3.5,525,0.2128,0.0024
14,9,2012,22,76,26,8.3,47.4,1.1,7.0,0.4,1.6,0.1,not fire,0,0,0.2895,5.28,572,0.119,0.0084
15,9,2012,24,82,15,0.4,44.9,0.9,7.3,0.2,1.4,0.0,not fire,0,0,0.2927,4.32,360,2.0,0.0045
16,9,2012,30,65,14,0.0,78.1,3.2,15.7,1.9,4.2,0.8,not fire,0,0,0.4615,10.5,420,10.0,0.0243
17,9,2012,31,52,14,0.0,87.7,6.4,24.3,6.2,7.7,5.9,fire,0,1,0.5962,14.88,434,10.0,0.0707
18,9,2012,32,49,11,0.0,89.4,9.8,33.1,6.8,11.3,7.7,fire,0,1,0.6531,16.32,352,10.0,0.0761
19,9,2012,29,57,14,0.0,89.3,12.5,41.3,7.8,14.2,9.7,fire,0,1,0.5088,12.47,406,10.0,0.0873
20,9,2012,28,84,18,0.0,83.8,13.5,49.3,4.5,16.0,6.3,fire,0,1,0.3333,4.48,504,10.0,0.0537
21,9,2012,31,55,11,0.0,87.8,16.5,57.9,5.4,19.2,8.3,fire,0,1,0.5636,13.95,341,10.0,0.0615
22,9,2012,31,50,19,0.6,77.8,10.6,41.4,2.4,12.9,2.8,not fire,0,0,0.62,15.5,589,1.4286,0.0308
23,9,2012,32,54,11,0.5,73.7,7.9,30.4,1.2,9.6,0.7,not fire,0,0,0.5926,14.72,352,1.6667,0.0163
24,9,2012,29,65,19,0.6,68.3,5.5,15.2,1.5,5.8,0.7,not fire,0,0,0.4462,10.15,551,1.4286,0.022
25,9,2012,26,81,21,5.8,48.6,3.0,7.7,0.4,3.0,0.1,not fire,0,0,0.321,4.94,546,0.1695,0.0082
26,9,2012,31,54,11,0.0,82.0,6.0,16.3,2.5,6.2,1.7,not fire,0,0,0.5741,14.26,341,10.0,0.0305
27,9,2012,31,66,11,0.0,85.7,8.3,24.9,4.0,9.0,4.1,fire,0,1,0.4697,10.54,341,10.0,0.0467
28,9,2012,32,47,14,0.7,77.5,7.1,8.8,1.8,6.8,0.9,not fire,0,0,0.6808,16.96,448,1.25,0.0232
29,9,2012,26,80,16,1.8,47.4,2.9,7.7,0.3,3.0,0.1,not fire,0,0,0.325,5.2,416,0.5263,0.0063
30,9,2012,25,78,14,1.4,45.0,1.9,7.5,0.2,2.4,0.1,not fire,0,0,0.3205,5.5,350,0.6667,0.0044
1,6,2012,32,71,12,0.7,57.1,2.5,8.2,0.6,2.8,0.2,not fire,0,0,0.4507,9.28,384,1.25,0.0105
2,6,2012,30,73,13,4.0,55.7,2.7,7.8,0.6,2.9,0.2,not fire,0,0,0.411,8.1,390,0.2439,0.0108
3,6,2012,29,80,14,2.0,48.7,2.2,7.6,0.3,2.6,0.1,not fire,0,0,0.3625,5.8,406,0.4762,0.0062
4,6,2012,30,64,14,0.0,79.4,5.2,15.4,2.2,5.6,1.0,not fire,0,0,0.4687,10.8,420,10.0,0.0277
5,6,2012,32,60,14,0.2,77.1,6.0,17.6,1.8,6.5,0.9,not fire,0,0,0.5333,12.8,448,3.3333,0.0233
6,6,2012,35,54,11,0.1,83.7,8.4,26.3,3.1,9.3,3.1,fire,0,1,0.6481,16.1,385,5.0,0.037
7,6,2012,35,44,17,0.2,85.6,9.9,28.9,5.4,10.7,6.0,fire,0,1,0.7955,19.6,595,3.3333,0.0631
8,6,2012,28,51,17,1.3,71.4,7.7,7.4,1.5,7.3,0.8,not fire,0,0,0.549,13.72,476,0.7143,0.021
9,6,2012,27,59,18,0.1,78.1,8.5,14.7,2.4,8.3,1.9,not fire,0,0,0.4576,11.07,486,5.0,0.0307
10,6,2012,30,41,15,0.0,89.4,13.3,22.5,8.4,13.1,10.0,fire,0,1,0.7317,17.7,450,10.0,0.094
11,6,2012,31,42,21,0.0,90.6,18.2,30.5,13.4,18.0,16.7,fire,0,1,0.7381,17.98,651,10.0,0.1479
12,6,2012,27,58,17,0.0,88.9,21.3,37.8,8.7,21.2,12.9,fire,0,1,0.4655,11.34,459,10.0,0.0979
13,6,2012,30,52,15,2.0,72.3,11.4,7.8,1.4,10.9,0.9,not fire,0,0,0.5769,14.4,450,0.4762,0.0194
14,6,2012,27,79,16,0.7,53.4,6.4,7.3,0.5,6.1,0.3,not fire,0,0,0.3418,5.67,432,1.25,0.0094
15,6,2012,28,90,15,0.0,66.8,7.2,14.7,1.2,7.1,0.6,not fire,0,0,0.3111,2.8,420,10.0,0.018
16,6,2012,29,87,15,0.4,47.4,4.2,8.0,0.2,4.1,0.1,not fire,0,0,0.3333,3.77,435,2.0,0.0042
17,6,2012,31,69,17,4.7,62.2,3.9,8.0,1.1,3.8,0.4,not fire,0,0,0.4493,9.61,527,0.2083,0.0177
18,6,2012,33,62,10,8.7,65.5,4.6,8.3,0.9,4.4,0.4,not fire,0,0,0.5323,12.54,330,0.1136,0.0137
19,6,2012,32,67,14,4.5,64.6,4.4,8.2,1.0,4.2,0.4,not fire,0,0,0.4776,10.56,448,0.2174,0.0155
20,6,2012,31,72,14,0.2,60.2,3.8,8.0,0.8,3.7,0.3,not fire,0,0,0.4306,8.68,434,3.3333,0.0133
21,6,2012,32,55,14,0.0,86.2,8.3,18.4,5.0,8.2,4.9,fire,0,1,0.5818,14.4,448,10.0,0.058
22,6,2012,33,46,14,1.1,78.3,8.1,8.3,1.9,7.7,1.2,not fire,0,0,0.7174,17.82,462,0.8333,0.0243
23,6,2012,33,59,16,0.8,74.2,7.0,8.3,1.6,6.7,0.8,not fire,0,0,0.5593,13.53,528,1.1111,0.0216
24,6,2012,35,68,16,0.0,85.3,10.0,17.0,4.9,9.9,5.3,fire,0,1,0.5147,11.2,560,10.0,0.0574
25,6,2012,34,70,16,0.0,86.0,12.8,25.6,5.4,12.7,6.7,fire,0,1,0.4857,10.2,544,10.0,0.0628
26,6,2012,36,62,16,0.0,87.8,16.5,34.5,7.0,16.4,9.5,fire,0,1,0.5806,13.68,576,10.0,0.0797
27,6,2012,36,55,15,0.0,89.1,20.9,43.3,8.0,20.8,12.0,fire,0,1,0.6545,16.2,540,10.0,0.0898
28,6,2012,37,37,13,0.0,92.5,27.2,52.4,11.7,27.1,18.4,fire,0,1,1.0,23.31,481,10.0,0.1265
29,6,2012,37,36,13,0.6,86.2,17.9,36.7,4.8,17.8,7.2,fire,0,1,1.0278,23.68,481,1.4286,0.0557
30,6,2012,34,42,15,1.7,79.7,12.0,8.5,2.2,11.5,2.2,not fire,0,0,0.8095,19.72,510,0.5556,0.0276
1,7,2012,28,58,18,2.2,63.7,3.2,8.5,1.2,3.3,0.5,not fire,0,0,0.4828,11.76,504,0.4348,0.0188
2,7,2012,33,48,16,0.0,87.6,7.9,17.8,6.8,7.8,6.4,fire,0,1,0.6875,17.16,528,10.0,0.0776
3,7,2012,34,56,17,0.1,84.7,9.7,27.3,4.7,10.3,5.2,fire,0,1,0.6071,14.96,578,5.0,0.0555
4,7,2012,34,58,18,0.0,88.0,13.6,36.8,8.0,14.1,9.9,fire,0,1,0.5862,14.28,612,10.0,0.0909
5,7,2012,34,45,18,0.0,90.5,18.7,46.4,11.3,18.7,15.0,fire,0,1,0.7556,18.7,612,10.0,0.1249
6,7,2012,35,42,15,0.3,84.7,15.5,45.1,4.3,16.7,6.3,fire,0,1,0.8333,20.3,525,2.5,0.0508
7,7,2012,38,43,13,0.5,85.0,13.0,35.4,4.1,13.7,5.2,fire,0,1,0.8837,21.66,494,1.6667,0.0482
8,7,2012,35,47,18,6.0,80.8,9.8,9.7,3.1,9.4,3.0,fire,0,1,0.7447,18.55,630,0.1639,0.0384
9,7,2012,36,43,15,1.9,82.3,9.4,9.9,3.2,9.0,3.1,fire,0,1,0.8372,20.52,540,0.5,0.0389
10,7,2012,34,51,16,3.8,77.5,8.0,9.5,2.0,7.7,1.3,not fire,0,0,0.6667,16.66,544,0.2564,0.0258
11,7,2012,34,56,15,2.9,74.8,7.1,9.5,1.6,6.8,0.8,not fire,0,0,0.6071,14.96,510,0.3333,0.0214
12,7,2012,36,44,13,0.0,90.1,12.6,19.4,8.3,12.5,9.6,fire,0,1,0.8182,20.16,468,10.0,0.0921
13,7,2012,39,45,13,0.6,85.2,11.3,10.4,4.2,10.9,4.7,fire,0,1,0.8667,21.45,507,1.4286,0.0493
15,7,2012,34,45,17,0.0,90.5,18.0,24.1,10.9,17.7,14.1,fire,0,1,0.7556,18.7,578,10.0,0.1204
16,7,2012,31,83,17,0.0,84.5,19.4,33.1,4.7,19.2,7.3,fire,0,1,0.3735,5.27,527,10.0,0.0556
17,7,2012,32,81,17,0.0,84.6,21.1,42.3,4.7,20.9,7.7,fire,0,1,0.3951,6.08,544,10.0,0.0556
18,7,2012,33,68,15,0.0,86.1,23.9,51.6,5.2,23.9,9.1,fire,0,1,0.4853,10.56,495,10.0,0.0604
19,7,2012,34,58,16,0.0,88.1,27.8,61.1,7.3,27.7,13.0,fire,0,1,0.5862,14.28,544,10.0,0.0829
20,7,2012,36,50,16,0.0,89.9,32.7,71.0,9.5,32.6,17.3,fire,0,1,0.72,18.0,576,10.0,0.1057
21,7,2012,36,29,18,0.0,93.9,39.6,80.6,18.5,39.5,30.0,fire,0,1,1.2414,25.56,648,10.0,0.197
22,7,2012,32,48,18,0.0,91.5,44.2,90.1,13.2,44.0,25.4,fire,0,1,0.6667,16.64,576,10.0,0.1443
23,7,2012,31,71,17,0.0,87.3,46.6,99.0,6.9,46.5,16.3,fire,0,1,0.4366,8.99,527,10.0,0.079
24,7,2012,33,63,17,1.1,72.8,20.9,56.6,1.6,21.7,2.5,not fire,0,0,0.5238,12.21,561,0.8333,0.022
25,7,2012,39,64,9,1.2,73.8,11.7,15.9,1.1,11.4,0.7,not fire,0,0,0.6094,14.04,351,0.7692,0.0149
26,7,2012,35,58,10,0.2,78.3,10.8,19.7,1.6,10.7,1.0,not fire,0,0,0.6034,14.7,350,3.3333,0.0204
27,7,2012,29,87,18,0.0,80.0,11.8,28.3,2.8,11.8,3.2,not fire,0,0,0.3333,3.77,522,10.0,0.035
28,7,2012,33,57,16,0.0,87.5,15.7,37.6,6.7,15.7,9.0,fire,0,1,0.5789,14.19,528,10.0,0.0766
29,7,2012,34,59,16,0.0,88.1,19.5,47.2,7.4,19.5,10.9,fire,0,1,0.5763,13.94,544,10.0,0.084
30,7,2012,36,56,16,0.0,88.9,23.8,57.1,8.2,23.8,13.2,fire,0,1,0.6429,15.84,576,10.0,0.0922
31,7,2012,37,55,15,0.0,89.3,28.3,67.2,8.3,28.3,14.5,fire,0,1,0.6727,16.65,555,10.0,0.0929
1,8,2012,38,52,14,0.0,78.3,4.4,10.5,2.0,4.4,0.8,not fire,0,0,0.7308,18.24,532,10.0,0.0255
2,8,2012,40,34,14,0.0,93.3,10.8,21.4,13.8,10.6,13.5,fire,0,1,1.1765,26.4,560,10.0,0.1479
3,8,2012,39,33,17,0.0,93.7,17.1,32.1,17.2,16.9,19.5,fire,0,1,1.1818,26.13,663,10.0,0.1836
4,8,2012,38,35,15,0.0,93.8,23.0,42.7,15.7,22.9,20.9,fire,0,1,1.0857,24.7,570,10.0,0.1674
5,8,2012,34,42,17,0.1,88.3,23.6,52.5,19.0,23.5,12.6,fire,0,1,0.8095,19.72,578,5.0,0.2152
6,8,2012,30,54,14,3.1,70.5,11.0,9.1,1.3,10.5,0.8,not fire,0,0,0.5556,13.8,420,0.3125,0.0184
7,8,2012,34,63,13,2.9,69.7,7.2,9.8,1.2,6.9,0.6,not fire,0,0,0.5397,12.58,442,0.3333,0.0172
8,8,2012,37,56,11,0.0,87.4,11.2,20.2,5.2,11.0,5.9,fire,0,1,0.6607,16.28,407,10.0,0.0595
9,8,2012,39,43,12,0.0,91.7,16.5,30.9,9.6,16.4,12.7,fire,0,1,0.907,22.23,468,10.0,0.1047
10,8,2012,39,39,15,0.2,89.3,15.8,35.4,8.2,15.8,10.7,fire,0,1,1.0,23.79,585,3.3333,0.0918
11,8,2012,40,31,15,0.0,94.2,22.5,46.3,16.6,22.4,21.6,fire,0,1,1.2903,27.6,600,10.0,0.1762
12,8,2012,39,21,17,0.4,93.0,18.4,41.5,15.5,18.4,18.8,fire,0,1,1.8571,30.81,663,2.0,0.1667
13,8,2012,35,34,16,0.2,88.3,16.9,45.1,7.5,17.5,10.5,fire,0,1,1.0294,23.1,560,3.3333,0.0849
14,8,2012,37,40,13,0.0,91.9,22.3,55.5,10.8,22.3,15.7,fire,0,1,0.925,22.2,481,10.0,0.1175
15,8,2012,35,46,13,0.3,83.9,16.9,54.2,3.5,19.0,5.5,fire,0,1,0.7609,18.9,455,2.5,0.0417
16,8,2012,40,41,10,0.1,92.0,22.6,65.1,9.5,24.2,14.8,fire,0,1,0.9756,23.6,400,5.0,0.1033
17,8,2012,42,24,9,0.0,96.0,30.3,76.4,15.7,30.4,24.0,fire,0,1,1.75,31.92,378,10.0,0.1635
18,8,2012,37,37,14,0.0,94.3,35.9,86.8,16.0,35.9,26.3,fire,0,1,1.0,23.31,518,10.0,0.1697
19,8,2012,35,66,15,0.1,82.7,32.7,96.8,3.3,35.5,7.7,fire,0,1,0.5303,11.9,525,5.0,0.0399
20,8,2012,36,81,15,0.0,83.7,34.4,107.0,3.8,38.1,9.0,fire,0,1,0.4444,6.84,540,10.0,0.0454
21,8,2012,36,71,15,0.0,86.0,36.9,117.1,5.1,41.3,12.2,fire,0,1,0.507,10.44,540,10.0,0.0593
22,8,2012,37,53,14,0.0,89.5,41.1,127.5,8.0,45.5,18.1,fire,0,1,0.6981,17.39,518,10.0,0.0894
23,8,2012,36,43,16,0.0,91.2,46.1,137.7,11.5,50.2,24.5,fire,0,1,0.8372,20.52,576,10.0,0.1261
24,8,2012,35,38,15,0.0,92.1,51.3,147.7,12.2,54.9,26.9,fire,0,1,0.9211,21.7,525,10.0,0.1325
25,8,2012,34,40,18,0.0,92.1,56.3,157.5,14.3,59.5,31.1,fire,0,1,0.85,20.4,612,10.0,0.1553
26,8,2012,33,37,16,0.0,92.2,61.3,167.2,13.1,64.0,30.3,fire,0,1,0.8919,20.79,528,10.0,0.1421
27,8,2012,36,54,14,0.0,91.0,65.9,177.3,10.0,68.0,26.1,fire,0,1,0.6667,16.56,504,10.0,0.1099
28,8,2012,35,56,14,0.4,79.2,37.0,166.0,2.1,30.6,6.1,not fire,0,0,0.625,15.4,490,2.0,0.0265
29,8,2012,35,53,17,0.5,80.2,20.7,149.2,2.7,30.6,5.9,fire,0,1,0.6604,16.45,595,1.6667,0.0337
30,8,2012,34,49,15,0.0,89.2,24.8,159.1,8.1,35.7,16.0,fire,0,1,0.6939,17.34,510,10.0,0.0908
31,8,2012,30,59,19,0.0,89.1,27.8,168.2,9.8,39.3,19.4,fire,0,1,0.5085,12.3,570,10.0,0.11
1,9,2012,29,86,16,0.0,37.9,0.9,8.2,0.1,1.4,0.0,not fire,0,0,0.3372,4.06,464,10.0,0.0026
2,9,2012,28,67,19,0.0,75.4,2.9,16.3,2.0,4.0,0.8,not fire,0,0,0.4179,9.24,532,10.0,0.0265
3,9,2012,28,75,16,0.0,82.2,4.4,24.3,3.3,6.0,2.5,fire,0,1,0.3733,7.0,448,10.0,0.0401
4,9,2012,30,66,15,0.2,73.5,4.1,26.6,1.5,6.0,0.7,not fire,0,0,0.4545,10.2,450,3.3333,0.0204
5,9,2012,30,58,12,4.1,66.1,4.0,8.4,1.0,3.9,0.4,not fire,0,0,0.5172,12.6,360,0.2381,0.0151
6,9,2012,34,71,14,6.5,64.5,3.3,9.1,1.0,3.5,0.4,not fire,0,0,0.4789,9.86,476,0.1515,0.0155
7,9,2012,31,62,15,0.0,83.3,5.8,17.7,3.8,6.4,3.2,fire,0,1,0.5,11.78,465,10.0,0.0456
8,9,2012,30,88,14,0.0,82.5,6.6,26.1,3.0,8.1,2.7,fire,0,1,0.3409,3.6,420,10.0,0.0364
9,9,2012,30,80,15,0.0,83.1,7.9,34.5,3.5,10.0,3.7,fire,0,1,0.375,6.0,450,10.0,0.0421
10,9,2012,29,74,15,1.1,59.5,4.7,8.2,0.8,4.6,0.3,not fire,0,0,0.3919,7.54,435,0.8333,0.0134
11,9,2012,30,73,14,0.0,79.2,6.5,16.6,2.1,6.6,1.2,not fire,0,0,0.411,8.1,420,10.0,0.0265
12,9,2012,31,72,14,0.0,84.2,8.3,25.2,3.8,9.1,3.9,fire,0,1,0.4306,8.68,434,10.0,0.0451
13,9,2012,29,49,19,0.0,88.6,11.5,33.4,9.1,12.4,10.3,fire,0,1,0.5918,14.79,551,10.0,0.1027
14,9,2012,28,81,15,0.0,84.6,12.6,41.5,4.3,14.3,5.7,fire,0,1,0.3457,5.32,420,10.0,0.0508
15,9,2012,32,51,13,0.0,88.7,16.0,50.2,6.9,17.8,9.8,fire,0,1,0.6274,15.68,416,10.0,0.0778
16,9,2012,33,26,13,0.0,93.9,21.2,59.2,14.2,22.4,19.3,fire,0,1,1.2692,24.42,429,10.0,0.1512
17,9,2012,34,44,12,0.0,92.5,25.2,63.3,11.2,26.2,17.5,fire,0,1,0.7727,19.04,408,10.0,0.1211
18,9,2012,36,33,13,0.1,90.6,25.8,77.8,9.0,28.2,15.4,fire,0,1,1.0909,24.12,468,5.0,0.0993
19,9,2012,29,41,8,0.1,83.9,24.9,86.0,2.7,28.9,5.6,fire,0,1,0.7073,17.11,232,5.0,0.0322
20,9,2012,34,58,13,0.2,79.5,18.7,88.0,2.1,24.4,3.8,not fire,0,0,0.5862,14.28,442,3.3333,0.0264
21,9,2012,35,34,17,0.0,92.2,23.6,97.3,13.8,29.4,21.6,fire,0,1,1.0294,23.1,595,10.0,0.1497
22,9,2012,33,64,13,0.0,88.9,26.1,106.3,7.1,32.4,13.7,fire,0,1,0.5156,11.88,429,10.0,0.0799
23,9,2012,35,56,14,0.0,89.0,29.4,115.6,7.5,36.0,15.2,fire,0,1,0.625,15.4,490,10.0,0.0843
24,9,2012,26,49,6,2.0,61.3,11.9,28.1,0.6,11.9,0.4,not fire,0,0,0.5306,13.26,156,0.4762,0.0098
25,9,2012,28,70,15,0.0,79.9,13.8,36.1,2.4,14.1,3.0,not fire,0,0,0.4,8.4,420,10.0,0.03
26,9,2012,30,65,14,0.0,85.4,16.0,44.5,4.5,16.9,6.5,fire,0,1,0.4615,10.5,420,10.0,0.0527
27,9,2012,28,87,15,4.4,41.1,6.5,8.0,0.1,6.2,0.0,not fire,0,0,0.3218,3.64,420,0.2222,0.0024
28,9,2012,27,87,29,0.5,45.9,3.5,7.9,0.4,3.4,0.2,not fire,0,0,0.3103,3.51,783,1.6667,0.0087
29,9,2012,24,54,18,0.1,79.7,4.3,15.2,1.7,5.1,0.7,not fire,0,0,0.4444,11.04,432,5.0,0.0213
30,9,2012,24,64,15,0.2,67.3,3.8,16.5,1.2,4.8,0.5,not fire,0,0,0.375,8.64,360,3.3333,0.0178
